doc,score,word,importance
0,-0.22345900672634722,remanded,0.22345900672634722
0,-0.1250812682657876,Respondent,0.1250812682657876
0,0.08099557114261961,Petitioners,0.08099557114261961
0,-0.07418559006353156,respondent,0.07418559006353156
0,0.049414548345702136,Brief,0.049414548345702136
0,0.02462233508231618,perpetuate,0.02462233508231618
0,-0.008273543416246623,consists,0.008273543416246623
0,-0.005588529355763523,36,0.005588529355763523
0,-0.0053516031769864835,24a,0.0053516031769864835
0,-0.0038101663634045376,Constitution,0.0038101663634045376
1,-0.1502175631142637,remand,0.1502175631142637
1,-0.0803175516021733,respondent,0.0803175516021733
1,0.07890949657613221,petitioners,0.07890949657613221
1,-0.05933027045524749,Respondent,0.05933027045524749
1,0.023231518316288207,limitation,0.023231518316288207
1,0.020970276834700274,limiting,0.020970276834700274
1,0.015525123102683976,arrest,0.015525123102683976
1,0.015204113838106019,passenger,0.015204113838106019
1,-0.011760004574702757,window,0.011760004574702757
1,-0.008952902568641792,could,0.008952902568641792
2,0.2050257889303692,limit,0.2050257889303692
2,0.12880135006482332,Petitioners,0.12880135006482332
2,0.12072418969042799,petitioners,0.12072418969042799
2,-0.07640298537309181,F,0.07640298537309181
2,0.05659521923858595,added,0.05659521923858595
2,0.05302328773716353,consider,0.05302328773716353
2,0.04965130584600133,fails,0.04965130584600133
2,-0.046870757946112854,consistently,0.046870757946112854
2,0.04409701641352178,interpreting,0.04409701641352178
2,0.04178734225606562,among,0.04178734225606562
3,0.2211673188887397,August,0.2211673188887397
3,-0.19710820938325865,Respondent,0.19710820938325865
3,0.16984664087427087,petitioners,0.16984664087427087
3,0.1344539008957693,Circuit,0.1344539008957693
3,0.13209188057587132,consider,0.13209188057587132
3,0.12306690033899416,Petitioners,0.12306690033899416
3,0.11581994635723687,Inc,0.11581994635723687
3,-0.07244095148520246,respondent,0.07244095148520246
3,0.025584559010143282,responded,0.025584559010143282
3,0.02549303448289962,made,0.02549303448289962
4,0.24965291109468696,Petitioner,0.24965291109468696
4,-0.07170980584150777,Tr,0.07170980584150777
4,0.06934942289870573,limiting,0.06934942289870573
4,0.06779264562410214,among,0.06779264562410214
4,0.06562731572899538,Code,0.06562731572899538
4,0.061627763980792,limitations,0.061627763980792
4,0.059121366292395644,Consider,0.059121366292395644
4,0.053829885089281375,limit,0.053829885089281375
4,0.04967674631325882,primary,0.04967674631325882
4,-0.019122659602042485,F,0.019122659602042485
5,0.7138195622667278,Petitioners,0.7138195622667278
5,0.10012346432360288,Brief,0.10012346432360288
5,0.07189622411385908,considered,0.07189622411385908
5,0.048484391790950564,Code,0.048484391790950564
5,0.04171656333718503,invalidating,0.04171656333718503
5,0.036618728334326445,light,0.036618728334326445
5,-0.022057900793160713,made,0.022057900793160713
5,-0.020276791480046744,way,0.020276791480046744
5,-0.018456551397983894,person,0.018456551397983894
5,-0.007294506851071625,consist,0.007294506851071625
6,0.20764421685066528,Petitioners,0.20764421685066528
6,0.18035852626166596,arms,0.18035852626166596
6,0.1344683620967284,petitioners,0.1344683620967284
6,-0.10062472378777643,respondent,0.10062472378777643
6,0.0415605839951048,eapons,0.0415605839951048
6,-0.03724240168076314,Respondent,0.03724240168076314
6,0.035462240197735896,expressly,0.035462240197735896
6,0.0354108534567775,looks,0.0354108534567775
6,0.008360121196435491,designed,0.008360121196435491
6,-0.005402785525244925,Tr,0.005402785525244925
7,0.06623120690256248,Petitioners,0.06623120690256248
7,-0.04806298180193002,proceedings,0.04806298180193002
7,-0.045590211498477654,proceed,0.045590211498477654
7,0.045020674326474025,Brief,0.045020674326474025
7,0.03258002966096376,argue,0.03258002966096376
7,-0.02987489221699813,remands,0.02987489221699813
7,0.029018511092367246,obtained,0.029018511092367246
7,-0.02600144121889923,way,0.02600144121889923
7,-0.025773601015031927,remanded,0.025773601015031927
7,-0.022141373289580553,remanding,0.022141373289580553
8,-0.27086857455532604,remand,0.27086857455532604
8,0.15526234919636828,Act,0.15526234919636828
8,0.14600286591524494,York,0.14600286591524494
8,0.14317729152775,precludes,0.14317729152775
8,0.12902419398447254,consider,0.12902419398447254
8,0.12837791672326676,Michigan,0.12837791672326676
8,0.11810330249433407,2,0.11810330249433407
8,0.1090751351667818,resolve,0.1090751351667818
8,0.048677680685335394,F,0.048677680685335394
8,-0.0390630559856095,proceedings,0.0390630559856095
9,-0.24743403907442726,remand,0.24743403907442726
9,0.07864992651044976,Petitioner,0.07864992651044976
9,-0.0772203557148464,Respondent,0.0772203557148464
9,-0.057978705832973966,Tr,0.057978705832973966
9,0.050882968447692675,limit,0.050882968447692675
9,0.03154962107054697,bears,0.03154962107054697
9,-0.024278502547208165,counsel,0.024278502547208165
9,-0.01449875235941671,Although,0.01449875235941671
9,-0.00887762814151845,majority,0.00887762814151845
9,-0.008589242254340603,31,0.008589242254340603
10,-0.13294035091955364,remanded,0.13294035091955364
10,-0.0907153079981116,Respondents,0.0907153079981116
10,-0.07577119851819943,respondents,0.07577119851819943
10,0.028416200816854524,intent,0.028416200816854524
10,0.027567779066179594,3,0.027567779066179594
10,-0.008239260852075127,Brief,0.008239260852075127
10,0.007814967661056558,above,0.007814967661056558
10,-0.0058843680489432774,proceeded,0.0058843680489432774
10,-0.0017797379551629656,proceedings,0.0017797379551629656
10,-0.0013112350254349274,located,0.0013112350254349274
11,-0.27757501028055276,Respondents,0.27757501028055276
11,0.12899713970130866,risk,0.12899713970130866
11,0.12373942656938634,attempt,0.12373942656938634
11,0.12033747246174098,Circuit,0.12033747246174098
11,0.11628705513860634,Among,0.11628705513860634
11,0.11151903223648407,neither,0.11151903223648407
11,0.10921463014822143,speech,0.10921463014822143
11,0.10804616024906151,Petitioners,0.10804616024906151
11,-0.02503264397158676,much,0.02503264397158676
11,-0.020050868042465347,respondents,0.020050868042465347
12,-0.12983230977655646,remand,0.12983230977655646
12,-0.12673719016418022,remanded,0.12673719016418022
12,-0.101474121731322,Respondent,0.101474121731322
12,0.0413341614194341,Petitioners,0.0413341614194341
12,0.01943902400533044,Nor,0.01943902400533044
12,0.01914947778555809,Clean,0.01914947778555809
12,-0.017310211871958813,proceedings,0.017310211871958813
12,-0.017004019086152122,issue,0.017004019086152122
12,0.016986420105039802,limits,0.016986420105039802
12,-0.007304476206595629,them,0.007304476206595629
13,-0.024516971786402973,Respondents,0.024516971786402973
13,-0.017197588278109282,remanded,0.017197588278109282
13,-0.01712455378120222,remanding,0.01712455378120222
13,-0.016067748067127706,proceedings,0.016067748067127706
13,-0.015610278372707922,remand,0.015610278372707922
13,-0.012092142571243497,Tr,0.012092142571243497
13,0.008400732736583016,their,0.008400732736583016
13,0.00593924751075292,racially,0.00593924751075292
13,-0.002470238789396939,based,0.002470238789396939
13,-0.002257270587301802,977,0.002257270587301802
14,0.24606703704762115,limitations,0.24606703704762115
14,0.17887883762480802,costs,0.17887883762480802
14,0.16293657007291118,contribution,0.16293657007291118
14,-0.13289813969116346,respondent,0.13289813969116346
14,-0.13059181017564653,responding,0.13059181017564653
14,0.11131854321898496,among,0.11131854321898496
14,-0.020932726301503186,a,0.020932726301503186
14,-0.01901056940215895,consistent,0.01901056940215895
14,-0.015948176130207294,F,0.015948176130207294
14,-0.0056067818517342724,f,0.0056067818517342724
15,-0.2777827731669695,remand,0.2777827731669695
15,0.0836156663204185,3501,0.0836156663204185
15,0.07736571924560837,Post,0.07736571924560837
15,0.06220954067724086,neither,0.06220954067724086
15,-0.057907540045769666,Act,0.057907540045769666
15,0.05655230128254136,unless,0.05655230128254136
15,-0.04397174189644991,Tr,0.04397174189644991
15,-0.030373265646818606,F,0.030373265646818606
15,-0.028104337921544015,consistent,0.028104337921544015
15,-0.00667944683397067,counsel,0.00667944683397067
16,0.40528939907901906,Petitioner,0.40528939907901906
16,-0.283916090907175,Respondent,0.283916090907175
16,0.20294131461324644,Brief,0.20294131461324644
16,-0.08054700783861096,respondent,0.08054700783861096
16,0.07264952956487403,limitation,0.07264952956487403
16,0.06844171322614473,Neither,0.06844171322614473
16,0.0665231770521304,18,0.0665231770521304
16,0.06336083669431387,police,0.06336083669431387
16,-0.019155810090551038,consisted,0.019155810090551038
16,-0.018972927502906183,person,0.018972927502906183
17,0.35527611432304124,Petitioners,0.35527611432304124
17,-0.1748338428452784,Respondent,0.1748338428452784
17,0.14661475260846568,Brief,0.14661475260846568
17,0.09378281794603821,petitioners,0.09378281794603821
17,0.07257705909236506,considerations,0.07257705909236506
17,-0.03860822725692187,action,0.03860822725692187
17,-0.031579791227153486,Court,0.031579791227153486
17,-0.029100947441710937,consider,0.029100947441710937
17,-0.017219714370690392,remains,0.017219714370690392
17,-0.009573919208343872,appeals,0.009573919208343872
18,-0.4967928051299068,remanded,0.4967928051299068
18,-0.25477187831614834,Respondent,0.25477187831614834
18,0.11528488232075891,Petitioner,0.11528488232075891
18,0.06765551162307824,post,0.06765551162307824
18,0.06386117033881107,see,0.06386117033881107
18,0.052678354661976866,unless,0.052678354661976866
18,-0.03472698894390519,Brief,0.03472698894390519
18,0.00876394381117258,nonviolent,0.00876394381117258
18,-0.0026207550092017147,made,0.0026207550092017147
18,0.0007668872560927403,F,0.0007668872560927403
19,-0.4609743484538819,remanded,0.4609743484538819
19,0.1240729441992112,Petitioner,0.1240729441992112
19,-0.06703427531476423,Tr,0.06703427531476423
19,0.06325499902053844,petitioner,0.06325499902053844
19,-0.05917074286236728,proceedings,0.05917074286236728
19,0.04691543885356316,limiting,0.04691543885356316
19,0.040941234357359746,Brief,0.040941234357359746
19,-0.034872800776519844,consistent,0.034872800776519844
19,-0.020125199937744573,way,0.020125199937744573
19,-0.013703223789360904,treatment,0.013703223789360904
20,-0.012441272219366788,Respondent,0.012441272219366788
20,-0.00812129139895926,respondent,0.00812129139895926
20,0.004892721892802256,interpretation,0.004892721892802256
20,0.004699827352847087,failed,0.004699827352847087
20,-0.004517124237609972,remand,0.004517124237609972
20,-0.004074880044441387,remanded,0.004074880044441387
20,-0.002664150162747419,proceeding,0.002664150162747419
20,-0.0025887819282178204,Tr,0.0025887819282178204
20,-0.0018638787185050445,way,0.0018638787185050445
20,-0.0018477783582209408,Brief,0.0018477783582209408
21,0.11022157376085145,petitioners,0.11022157376085145
21,0.10433116391657254,Petitioners,0.10433116391657254
21,0.03996686516409003,3d,0.03996686516409003
21,0.0370681493327897,bankruptcy,0.0370681493327897
21,0.03074264472827637,merely,0.03074264472827637
21,0.029045031765468163,period,0.029045031765468163
21,0.028878431141710743,tax,0.028878431141710743
21,0.025529091413973786,unpaid,0.025529091413973786
21,0.0254220630811789,prohibit,0.0254220630811789
21,0.024269000194164145,added,0.024269000194164145
22,-0.2550862994555454,respondent,0.2550862994555454
22,-0.12395787151668972,Respondent,0.12395787151668972
22,0.11510052875129642,exceed,0.11510052875129642
22,0.08644232286718095,Circuit,0.08644232286718095
22,0.08077444815393786,added,0.08077444815393786
22,0.07655978358408833,petitioners,0.07655978358408833
22,-0.07095881810041191,Appeals,0.07095881810041191
22,-0.05969386642985131,Court,0.05969386642985131
22,-0.04059274558534198,although,0.04059274558534198
22,-0.024349305900807992,consistent,0.024349305900807992
23,-0.051724975966711106,remanded,0.051724975966711106
23,-0.047640512071041925,remand,0.047640512071041925
23,0.03687516025838242,Petitioner,0.03687516025838242
23,-0.036122652717160524,Respondent,0.036122652717160524
23,0.014014233217271166,petitioner,0.014014233217271166
23,-0.011306732066222815,responded,0.011306732066222815
23,0.010317825295914003,use,0.010317825295914003
23,-0.010299724354324778,Although,0.010299724354324778
23,0.009057278375853517,limits,0.009057278375853517
23,-0.006750581519527829,w,0.006750581519527829
24,-0.27455268012240813,responded,0.27455268012240813
24,0.2314108029836949,Petitioner,0.2314108029836949
24,0.21500785091481558,petitioner,0.21500785091481558
24,0.1532521078888503,limited,0.1532521078888503
24,0.10736198984790926,appears,0.10736198984790926
24,0.1045290198794999,jury,0.1045290198794999
24,0.0978247594107196,neither,0.0978247594107196
24,-0.026992433719438116,presented,0.026992433719438116
24,0.0055306100927148116,way,0.0055306100927148116
24,0.0035489714301776385,closing,0.0035489714301776385
25,-0.30674622075924,remanded,0.30674622075924
25,-0.2962266300269017,Respondent,0.2962266300269017
25,0.0887321790119734,Petitioner,0.0887321790119734
25,0.0500404623690963,petitioner,0.0500404623690963
25,0.025089699944451205,Brief,0.025089699944451205
25,0.02485615850357573,appears,0.02485615850357573
25,0.0217277640941667,entitled,0.0217277640941667
25,-0.014099466165224974,32a,0.014099466165224974
25,-0.009668282672971144,messengers,0.009668282672971144
25,-0.008653906001209685,think,0.008653906001209685
26,-0.20609311691571322,remand,0.20609311691571322
26,-0.20003267588921414,remanded,0.20003267588921414
26,0.0766462387977038,Petitioner,0.0766462387977038
26,-0.0760304536009864,Respondent,0.0760304536009864
26,0.06392495496232672,petitioners,0.06392495496232672
26,0.034680151917827404,empowered,0.034680151917827404
26,-0.03250078180995985,Act,0.03250078180995985
26,-0.032430493536822154,Superintendent,0.032430493536822154
26,0.029869107559705805,Regents,0.029869107559705805
26,-0.022890794836342224,proceeded,0.022890794836342224
27,-0.0955331881494993,Respondents,0.0955331881494993
27,-0.09132051728788906,respondents,0.09132051728788906
27,0.025941704935603167,3d,0.025941704935603167
27,0.019674250950681642,attempt,0.019674250950681642
27,-0.016433420342957826,proceedings,0.016433420342957826
27,0.016122312446935752,reduce,0.016122312446935752
27,-0.011065679378300579,USCS,0.011065679378300579
27,-0.006329153696032007,made,0.006329153696032007
27,-0.006070152519407903,personal,0.006070152519407903
27,-0.005254497638547306,way,0.005254497638547306
28,-0.04689079974876857,proceedings,0.04689079974876857
28,-0.023763790806863513,Respondent,0.023763790806863513
28,0.010099905847853682,case,0.010099905847853682
28,0.009623708724518908,Post,0.009623708724518908
28,-0.009592814446399577,respondent,0.009592814446399577
28,0.00886383417541114,Petitioner,0.00886383417541114
28,0.006621896041223215,establishments,0.006621896041223215
28,-0.004503419529227897,remand,0.004503419529227897
28,-0.0038798579780825186,remanded,0.0038798579780825186
28,-0.0005462973845713771,Service,0.0005462973845713771
29,-0.0958725654499606,remanded,0.0958725654499606
29,-0.057707963057507375,Respondent,0.057707963057507375
29,0.025617364046237198,appears,0.025617364046237198
29,-0.023518003875201726,respondent,0.023518003875201726
29,0.019547471430671187,text,0.019547471430671187
29,-0.017425865696520566,Tr,0.017425865696520566
29,-0.006060414435686418,5,0.006060414435686418
29,-0.002509195262283296,ways,0.002509195262283296
29,-0.0008558409765220823,485,0.0008558409765220823
29,-0.000514445817656333,consistently,0.000514445817656333
30,0.1880174672047246,Petitioner,0.1880174672047246
30,0.13422285865569716,limitation,0.13422285865569716
30,0.1161699403666216,petitioner,0.1161699403666216
30,0.047946286815176264,among,0.047946286815176264
30,0.04463115041707905,considered,0.04463115041707905
30,0.03834909846084485,unless,0.03834909846084485
30,-0.009308556808630308,F,0.009308556808630308
30,-0.007557751744314304,Respondent,0.007557751744314304
30,-0.0032381308504751826,ways,0.0032381308504751826
30,0.0031928455382802066,a,0.0031928455382802066
31,-0.27441366403904954,Respondents,0.27441366403904954
31,0.13194336161363462,Circuit,0.13194336161363462
31,0.12594654020364945,Petitioners,0.12594654020364945
31,0.12245988125550407,risk,0.12245988125550407
31,0.12162399479484168,Among,0.12162399479484168
31,0.11758643521203577,attempt,0.11758643521203577
31,0.10228280612185499,speech,0.10228280612185499
31,0.09503569311265977,neither,0.09503569311265977
31,-0.019758753471709054,much,0.019758753471709054
31,-0.014053601676302433,respondents,0.014053601676302433
32,-0.12198362529630145,respondents,0.12198362529630145
32,0.10940655149376732,petitioners,0.10940655149376732
32,-0.06653082716268795,Tr,0.06653082716268795
32,-0.06300504677364072,Respondents,0.06300504677364072
32,0.03697331275053395,price,0.03697331275053395
32,0.03217155498586319,cost,0.03217155498586319
32,0.03169109318272607,failed,0.03169109318272607
32,0.028197431514155668,pricing,0.028197431514155668
32,-0.014991389104127667,persons,0.014991389104127667
32,-0.012641495135380902,F,0.012641495135380902
33,-0.5099767369287179,remanded,0.5099767369287179
33,-0.2518839552454546,Respondent,0.2518839552454546
33,0.12988297772686994,Petitioner,0.12988297772686994
33,0.06300278110234331,habeas,0.06300278110234331
33,0.05479640936773601,petitioner,0.05479640936773601
33,0.05310750665829622,standard,0.05310750665829622
33,0.04901239869088331,formulated,0.04901239869088331
33,-0.0368895917467784,Brief,0.0368895917467784
33,-0.012522346458292968,person,0.012522346458292968
33,0.0023438485595761002,Circuit,0.0023438485595761002
34,-0.04812897574717448,remanded,0.04812897574717448
34,-0.0414698569205096,remand,0.0414698569205096
34,-0.035810511808732244,respondent,0.035810511808732244
34,0.02636572827826413,petitioners,0.02636572827826413
34,-0.015612870661087396,Respondent,0.015612870661087396
34,0.012817110094928634,see,0.012817110094928634
34,-0.010426331997706977,respond,0.010426331997706977
34,-0.00951462719743026,made,0.00951462719743026
34,-0.0050913415245289195,consists,0.0050913415245289195
34,-0.0038379896271033627,76,0.0038379896271033627
35,-0.5370037595984831,remanded,0.5370037595984831
35,0.20375317838138657,Petitioner,0.20375317838138657
35,0.1067289648387467,post,0.1067289648387467
35,0.09590954645462374,SCSPA,0.09590954645462374
35,-0.09014757646835031,Respondent,0.09014757646835031
35,0.08196511844833079,proceedings,0.08196511844833079
35,0.07825979163762847,Circuit,0.07825979163762847
35,-0.05271814069738965,respondent,0.05271814069738965
35,0.04349056945804162,risk,0.04349056945804162
35,-0.016562568523876584,proceeding,0.016562568523876584
36,-0.12402374713684336,remanded,0.12402374713684336
36,-0.12077499757475248,remand,0.12077499757475248
36,0.05181520390624691,petitioner,0.05181520390624691
36,-0.04563417827399512,46,0.04563417827399512
36,-0.03975225793211584,consistent,0.03975225793211584
36,-0.037407197412058876,Respondent,0.037407197412058876
36,0.03643080097627332,Petitioner,0.03643080097627332
36,0.025090651399148116,CA9,0.025090651399148116
36,0.02066572230671059,post,0.02066572230671059
36,0.016425058119117333,establishes,0.016425058119117333
37,-0.12146809612175863,Respondent,0.12146809612175863
37,-0.09197757526845747,remanded,0.09197757526845747
37,-0.08938993455550548,remand,0.08938993455550548
37,0.07294546611409976,Petitioner,0.07294546611409976
37,0.027186358877995774,Brief,0.027186358877995774
37,0.016917623804518396,Oklahoma,0.016917623804518396
37,-0.013839260395247178,sums,0.013839260395247178
37,-0.01371205715268232,essential,0.01371205715268232
37,-0.009193927757177905,associate,0.009193927757177905
37,-0.0072335281981207155,marshal,0.0072335281981207155
38,0.05837041130415905,Petitioner,0.05837041130415905
38,-0.039812851563409905,Respondent,0.039812851563409905
38,-0.03796721171950602,remanded,0.03796721171950602
38,-0.03609661720595053,remand,0.03609661720595053
38,-0.035067917273737835,Remand,0.035067917273737835
38,-0.027147339465432605,proceedings,0.027147339465432605
38,-0.02475045340829582,respondent,0.02475045340829582
38,0.021335595264121578,petitioner,0.021335595264121578
38,-0.019483354331403954,proceed,0.019483354331403954
38,0.019362136084555524,text,0.019362136084555524
39,0.23115201204921287,Petitioner,0.23115201204921287
39,-0.18654511254086,Respondent,0.18654511254086
39,0.09944577689131721,post,0.09944577689131721
39,0.07864958944149458,particular,0.07864958944149458
39,0.07633776612363816,Brief,0.07633776612363816
39,-0.07438852159904358,remand,0.07438852159904358
39,0.06042098024463392,emphasis,0.06042098024463392
39,-0.054570021475514305,remanded,0.054570021475514305
39,-0.029186803372921594,Tr,0.029186803372921594
39,-0.013563180539219722,consistent,0.013563180539219722
40,0.16234265870569056,Petitioners,0.16234265870569056
40,0.10326291215848944,petitioner,0.10326291215848944
40,0.0511679324883889,interpreted,0.0511679324883889
40,0.05089215405198802,neither,0.05089215405198802
40,0.043827885261921884,fail,0.043827885261921884
40,0.04101374416706509,failing,0.04101374416706509
40,0.040787624933006666,limiting,0.040787624933006666
40,0.03472248250598734,limitation,0.03472248250598734
40,-0.029410496440670363,F,0.029410496440670363
40,-0.023607752986507326,review,0.023607752986507326
41,0.5121704976708747,Petitioner,0.5121704976708747
41,-0.3034080034193187,remanded,0.3034080034193187
41,0.13460166574452637,Brief,0.13460166574452637
41,0.08759450216439196,post,0.08759450216439196
41,0.06939415707488089,either,0.06939415707488089
41,0.06853357439095623,invalid,0.06853357439095623
41,-0.0316555240892261,Respondents,0.0316555240892261
41,-0.013206280132243866,factor,0.013206280132243866
41,-0.008408048924675551,Act,0.008408048924675551
41,-0.006064219579652179,Tr,0.006064219579652179
42,-0.0625998695247766,remand,0.0625998695247766
42,-0.05923805267036119,remanded,0.05923805267036119
42,-0.04720963433469362,respondents,0.04720963433469362
42,0.03232640771815669,petitioner,0.03232640771815669
42,-0.0248325640019978,Respondents,0.0248325640019978
42,-0.019704949878875788,proceedings,0.019704949878875788
42,0.015644420029421516,essence,0.015644420029421516
42,-0.007035602620689054,consistent,0.007035602620689054
42,-0.004792153045694175,necessary,0.004792153045694175
42,0.0012165411794746817,358,0.0012165411794746817
43,-0.4000339663061165,remanded,0.4000339663061165
43,0.3205064093081575,Petitioner,0.3205064093081575
43,-0.14247473042035275,Respondent,0.14247473042035275
43,-0.1384738092337385,proceedings,0.1384738092337385
43,0.09126499478185736,Brief,0.09126499478185736
43,0.07405454030004262,8,0.07405454030004262
43,-0.0566299954726117,22,0.0566299954726117
43,0.05596064703840591,post,0.05596064703840591
43,-0.026456129226367954,personal,0.026456129226367954
43,-0.02236055416221026,App,0.02236055416221026
44,0.10337913884144777,petitioner,0.10337913884144777
44,-0.061420553583966954,remanded,0.061420553583966954
44,-0.04932274570109339,Respondent,0.04932274570109339
44,-0.039373459697144994,respondent,0.039373459697144994
44,0.038098449223445026,post,0.038098449223445026
44,0.03603747704058757,Circuit,0.03603747704058757
44,0.03070381497761879,failing,0.03070381497761879
44,-0.027176813479456007,Tr,0.027176813479456007
44,-0.013850690373921322,way,0.013850690373921322
44,-0.01340751119823642,n,0.01340751119823642
45,-0.008568340350276807,Respondents,0.008568340350276807
45,-0.008496646124516906,respondents,0.008496646124516906
45,-0.007805730437167933,remand,0.007805730437167933
45,-0.0071121342122553565,remanded,0.0071121342122553565
45,-0.0067248174994127795,proceedings,0.0067248174994127795
45,0.006403230734264188,failing,0.006403230734264188
45,0.005269851414915458,text,0.005269851414915458
45,-0.004443413716188305,proceeding,0.004443413716188305
45,0.0041339496417106434,limitations,0.0041339496417106434
45,-0.00393682536190241,Tr,0.00393682536190241
46,0.28421311735739535,Petitioners,0.28421311735739535
46,0.0929965203288793,among,0.0929965203288793
46,0.07041369147330938,Circuit,0.07041369147330938
46,0.0637665600488188,unless,0.0637665600488188
46,0.062343755974230475,Brief,0.062343755974230475
46,0.0547228176276557,intent,0.0547228176276557
46,0.031628827580238016,including,0.031628827580238016
46,-0.021278052061451867,Although,0.021278052061451867
46,-0.019151003387588704,appear,0.019151003387588704
46,-0.016465826465210158,although,0.016465826465210158
47,-0.5258373533838794,remand,0.5258373533838794
47,0.12635792853443514,petitioners,0.12635792853443514
47,-0.0743116925655339,proceedings,0.0743116925655339
47,0.05736470191565316,Petitioners,0.05736470191565316
47,0.055731909836147446,Circuit,0.055731909836147446
47,0.0501165476126999,added,0.0501165476126999
47,-0.04489062185389687,F,0.04489062185389687
47,-0.015404907165619373,Rep,0.015404907165619373
47,-0.015281834566317877,consistent,0.015281834566317877
47,-0.014460623051310047,respond,0.014460623051310047
48,-0.5582507360877136,remanded,0.5582507360877136
48,0.1261445039279633,speech,0.1261445039279633
48,0.09956241403412387,petitioners,0.09956241403412387
48,0.08883456394235949,related,0.08883456394235949
48,0.08445909796661953,Petitioners,0.08445909796661953
48,-0.07358117270566567,proceedings,0.07358117270566567
48,0.07134151008952642,text,0.07134151008952642
48,0.06721774158247308,failed,0.06721774158247308
48,0.01739622308250765,made,0.01739622308250765
48,-0.00938652853268038,Respondents,0.00938652853268038
49,-0.5043020851131885,remanded,0.5043020851131885
49,-0.0716073059194471,income,0.0716073059194471
49,0.05535774859763572,among,0.05535774859763572
49,0.05277362337418624,appear,0.05277362337418624
49,0.04768093006564214,unless,0.04768093006564214
49,0.032906060172776294,merely,0.032906060172776294
49,0.03099892628388787,follow,0.03099892628388787
49,-0.01820056707528926,much,0.01820056707528926
49,-0.01611468774446284,consistently,0.01611468774446284
49,-0.011903790424322736,proceedings,0.011903790424322736
50,-0.17102009214609648,remanded,0.17102009214609648
50,-0.16566648731775838,Respondent,0.16566648731775838
50,-0.058093501135293775,respondent,0.058093501135293775
50,0.05330420980994579,petitioner,0.05330420980994579
50,0.04663941225625653,petitioners,0.04663941225625653
50,-0.022535359446299388,Respondents,0.022535359446299388
50,0.0210580925249522,Civ,0.0210580925249522
50,-0.013791194224322824,although,0.013791194224322824
50,-0.004418125838059133,charge,0.004418125838059133
50,-0.003386489248686588,12,0.003386489248686588
51,-0.21566410083583976,remanded,0.21566410083583976
51,-0.13719665282617094,Respondent,0.13719665282617094
51,0.08081347759173835,petitioners,0.08081347759173835
51,-0.04283872902805322,respond,0.04283872902805322
51,-0.028689262786799237,Tr,0.028689262786799237
51,0.02698866702700227,517,0.02698866702700227
51,-0.01718915137222823,F,0.01718915137222823
51,-0.011202067904485026,45,0.011202067904485026
51,-0.009022354761989045,enacted,0.009022354761989045
51,-0.006649150975548513,Likewise,0.006649150975548513
52,0.28922656542810493,Petitioner,0.28922656542810493
52,0.1348028162749402,petitioner,0.1348028162749402
52,0.13430585365121667,petitioners,0.13430585365121667
52,0.11425319287383445,Brief,0.11425319287383445
52,-0.1050315470102044,respondents,0.1050315470102044
52,0.08632585051450566,3d,0.08632585051450566
52,-0.0761691509065062,Tr,0.0761691509065062
52,0.07577062946234586,funds,0.07577062946234586
52,0.07337360072278705,among,0.07337360072278705
52,0.0648252575633188,Circuit,0.0648252575633188
53,-0.10380686517525617,remanded,0.10380686517525617
53,-0.08009906972988884,remand,0.08009906972988884
53,-0.07804858079172973,respondent,0.07804858079172973
53,-0.05453944740188677,proceedings,0.05453944740188677
53,0.03004507859796492,text,0.03004507859796492
53,0.02928372684372129,either,0.02928372684372129
53,0.026205532291225252,Circuit,0.026205532291225252
53,0.024879999584179035,authorized,0.024879999584179035
53,0.021361889192536346,neglects,0.021361889192536346
53,-0.019023826233434356,Act,0.019023826233434356
54,0.21705710453927482,Petitioner,0.21705710453927482
54,0.08381348136338186,Article,0.08381348136338186
54,0.08367576139403701,petitioner,0.08367576139403701
54,-0.08166911507277524,Respondent,0.08166911507277524
54,0.06167563734853691,Convention,0.06167563734853691
54,0.050623092025406664,petitioners,0.050623092025406664
54,0.04637941190683997,limitations,0.04637941190683997
54,0.03797041467438452,terms,0.03797041467438452
54,-0.02634404496587308,responds,0.02634404496587308
54,-0.0008442927774587202,although,0.0008442927774587202
55,-0.21597417717986683,remanded,0.21597417717986683
55,-0.20966005085590703,remand,0.20966005085590703
55,0.10205069339077547,Petitioner,0.10205069339077547
55,-0.0777017174795803,petition,0.0777017174795803
55,0.06788473249068766,petitioner,0.06788473249068766
55,0.06357132217718503,Brief,0.06357132217718503
55,0.06337240486981568,proceedings,0.06337240486981568
55,0.05400855941491779,limit,0.05400855941491779
55,0.04506025889047707,unless,0.04506025889047707
55,-0.03907808348522781,habeas,0.03907808348522781
56,0.16534669481573053,Petitioner,0.16534669481573053
56,-0.16350735418757104,Respondents,0.16350735418757104
56,-0.12528922950157478,respondents,0.12528922950157478
56,0.10439399639220164,Brief,0.10439399639220164
56,-0.09374140174899691,Tr,0.09374140174899691
56,-0.05428651678095025,Court,0.05428651678095025
56,-0.0419810056104305,Respondent,0.0419810056104305
56,-0.02616962113085822,Appeals,0.02616962113085822
56,-0.022688609487466108,unlike,0.022688609487466108
56,-0.0208130007323669,consists,0.0208130007323669
57,-0.16943362204833412,remanded,0.16943362204833412
57,-0.16555143314404733,Respondent,0.16555143314404733
57,-0.04300002865150949,Tr,0.04300002865150949
57,0.042546265537366595,Petitioner,0.042546265537366595
57,0.03174638337522696,petitioner,0.03174638337522696
57,0.02920088382766396,Brief,0.02920088382766396
57,-0.02659581971741422,arbitration,0.02659581971741422
57,-0.009619975870478765,1204,0.009619975870478765
57,-0.004390040605849429,proceed,0.004390040605849429
57,-0.0038748288254219256,litigation,0.0038748288254219256
58,-0.2302534331222174,Respondent,0.2302534331222174
58,-0.18947205419311666,remand,0.18947205419311666
58,-0.06746255144572619,respondent,0.06746255144572619
58,0.03380243036452292,added,0.03380243036452292
58,0.03185358419835332,risk,0.03185358419835332
58,0.03127379437109256,petitioners,0.03127379437109256
58,0.02566355737116776,petitioner,0.02566355737116776
58,0.02159773902585103,unwarranted,0.02159773902585103
58,0.02105622118729504,appearing,0.02105622118729504
58,0.01700144080497519,Moreover,0.01700144080497519
59,-0.15836320573009963,remanded,0.15836320573009963
59,-0.11691568552535538,Respondents,0.11691568552535538
59,-0.08011413102844296,respondents,0.08011413102844296
59,0.06040628589172179,Petitioners,0.06040628589172179
59,0.037864576104630406,petitioners,0.037864576104630406
59,-0.03303742597971724,religious,0.03303742597971724
59,0.02316832815228748,503,0.02316832815228748
59,0.020163980387882145,Brief,0.020163980387882145
59,-0.01810679863580002,responded,0.01810679863580002
59,0.010058610333814855,made,0.010058610333814855
60,-0.10923442173160941,remand,0.10923442173160941
60,-0.10054285365928364,remanded,0.10054285365928364
60,-0.07441209262807395,Respondents,0.07441209262807395
60,0.04590749275208267,Petitioner,0.04590749275208267
60,-0.03049653388515228,respondents,0.03049653388515228
60,0.02422140427658576,risk,0.02422140427658576
60,0.015721404355916232,252,0.015721404355916232
60,-0.013881954802885607,proceedings,0.013881954802885607
60,0.006068153336431312,overnment,0.006068153336431312
60,-0.0024759275014462462,551,0.0024759275014462462
61,-0.6321746451113935,remand,0.6321746451113935
61,0.10473774680172074,limiting,0.10473774680172074
61,0.10348840414775554,petitioners,0.10348840414775554
61,-0.05511837647193623,proceedings,0.05511837647193623
61,0.03421881390568474,among,0.03421881390568474
61,0.0329998359389909,fails,0.0329998359389909
61,0.03275055164086182,unless,0.03275055164086182
61,-0.031647998377398304,ways,0.031647998377398304
61,0.028199680436151325,petitioner,0.028199680436151325
61,-0.020522532781386077,Counsel,0.020522532781386077
62,0.25056483871211627,Petitioner,0.25056483871211627
62,0.20924255583766999,limited,0.20924255583766999
62,0.12948844445770627,petitioner,0.12948844445770627
62,0.06515660671020218,merely,0.06515660671020218
62,0.05820113351696848,Brief,0.05820113351696848
62,0.05639365437771993,responded,0.05639365437771993
62,0.053724334127182985,relatively,0.053724334127182985
62,-0.04836593088035603,way,0.04836593088035603
62,-0.038242520626202654,Although,0.038242520626202654
62,-0.037011036165872487,counsel,0.037011036165872487
63,-0.35403080430538825,Respondents,0.35403080430538825
63,0.16197999310123048,Petitioners,0.16197999310123048
63,-0.14684107134685365,Respondent,0.14684107134685365
63,0.1316311126994459,Brief,0.1316311126994459
63,-0.11236985595375479,8,0.11236985595375479
63,-0.061141205219849296,Although,0.061141205219849296
63,0.0574476320811084,petitioners,0.0574476320811084
63,-0.026114453013504502,proceeding,0.026114453013504502
63,-0.025117662296892083,respond,0.025117662296892083
63,-0.010463673218617029,separate,0.010463673218617029
64,-0.18479080857981497,responding,0.18479080857981497
64,-0.04626191976794787,F,0.04626191976794787
64,0.037826239242288257,limitation,0.037826239242288257
64,0.03731696024786596,limit,0.03731696024786596
64,0.03382463859859547,Neither,0.03382463859859547
64,-0.015037289475433918,although,0.015037289475433918
64,-0.012855017538279778,jurisdiction,0.012855017538279778
64,-0.012144046116865205,Members,0.012144046116865205
64,-0.009877075181111484,consistent,0.009877075181111484
64,-0.008637576817867872,open,0.008637576817867872
65,-0.635280524965323,remanded,0.635280524965323
65,0.07974093444035932,petitioners,0.07974093444035932
65,0.07602245837099306,petitioner,0.07602245837099306
65,0.06140049230941973,Banks,0.06140049230941973
65,-0.05853007657192813,respondent,0.05853007657192813
65,-0.03528446496913889,respond,0.03528446496913889
65,-0.03369983831422659,responding,0.03369983831422659
65,-0.024765427526524917,consistent,0.024765427526524917
65,-0.015777361383397564,proceeding,0.015777361383397564
65,-0.0011537152364741686,extent,0.0011537152364741686
66,-0.38945810457086905,remanded,0.38945810457086905
66,0.2198463661165002,Petitioner,0.2198463661165002
66,-0.09617147850299007,Respondents,0.09617147850299007
66,-0.0898857080192705,respondents,0.0898857080192705
66,0.0760353086774523,17,0.0760353086774523
66,0.0684256340567818,Brief,0.0684256340567818
66,0.06050248072327347,petitioner,0.06050248072327347
66,-0.03783625743480672,48,0.03783625743480672
66,-0.020653743368214458,Tr,0.020653743368214458
66,-0.017940206347946925,20,0.017940206347946925
67,0.07886296625785345,petitioner,0.07886296625785345
67,-0.07363834380239795,F,0.07363834380239795
67,-0.05922286332049718,Appeals,0.05922286332049718
67,-0.058594376229957196,Court,0.058594376229957196
67,-0.05461997832554793,consistent,0.05461997832554793
67,-0.038232623742365204,way,0.038232623742365204
67,-0.03575557513298981,prevented,0.03575557513298981
67,0.02251823197690404,Petitioner,0.02251823197690404
67,0.015904530213777142,fail,0.015904530213777142
67,0.015050433009222316,neither,0.015050433009222316
68,-0.17615679653483113,Respondents,0.17615679653483113
68,-0.16372877785841056,remanded,0.16372877785841056
68,0.052791908939295,Petitioner,0.052791908939295
68,0.045126641390580674,limit,0.045126641390580674
68,-0.03714444875967981,Tr,0.03714444875967981
68,0.02652342386524037,seeking,0.02652342386524037
68,-0.011931398548012605,proceedings,0.011931398548012605
68,-0.00776055942593468,Mead,0.00776055942593468
68,-0.007746867029484935,confusion,0.007746867029484935
68,-0.007598277320058492,respondents,0.007598277320058492
69,-0.1229251323705286,remanded,0.1229251323705286
69,-0.1187421052674228,remand,0.1187421052674228
69,0.09453731969971986,Petitioners,0.09453731969971986
69,-0.08917348641325291,Respondent,0.08917348641325291
69,-0.04223087075254374,respondent,0.04223087075254374
69,0.02871627753543123,Brief,0.02871627753543123
69,0.028166513144509176,19,0.028166513144509176
69,0.026849669177277737,petitioners,0.026849669177277737
69,0.014420362391361196,fair,0.014420362391361196
69,-0.009703942886999497,876,0.009703942886999497
70,-0.4515238109269463,Respondent,0.4515238109269463
70,0.4368522075602571,Petitioner,0.4368522075602571
70,0.20798167266913953,Brief,0.20798167266913953
70,0.09603070765286356,limiting,0.09603070765286356
70,0.06914587486241015,considering,0.06914587486241015
70,0.06690370919652133,fees,0.06690370919652133
70,0.05124360466976679,merely,0.05124360466976679
70,0.050714954622506976,p,0.050714954622506976
70,0.04814511723614917,follow,0.04814511723614917
70,-0.01777746540043937,e,0.01777746540043937
71,-0.05152120777903278,Respondent,0.05152120777903278
71,-0.049583092223307805,remand,0.049583092223307805
71,-0.048644327173167724,remanded,0.048644327173167724
71,-0.021876569545733318,proceed,0.021876569545733318
71,-0.02038379849413968,proceedings,0.02038379849413968
71,0.017429256189892668,petitioners,0.017429256189892668
71,-0.008820559516503415,consistent,0.008820559516503415
71,-0.007654055451277673,although,0.007654055451277673
71,-0.007281543732722765,doctrine,0.007281543732722765
71,-0.0030014828542411433,avoid,0.0030014828542411433
72,-0.337153403160347,remanded,0.337153403160347
72,-0.14894542475424427,Respondents,0.14894542475424427
72,-0.06301148847980294,Tr,0.06301148847980294
72,0.058901833020142756,petitioners,0.058901833020142756
72,-0.049202777485820505,proceedings,0.049202777485820505
72,0.045477731541035564,petitioner,0.045477731541035564
72,0.03374538696389853,among,0.03374538696389853
72,0.03369596940358469,contrary,0.03369596940358469
72,-0.007215409441780432,8,0.007215409441780432
72,0.0044842829064326,Appeals,0.0044842829064326
73,-0.19795193474392972,remand,0.19795193474392972
73,-0.19732445487258682,remanded,0.19732445487258682
73,0.07651054460925313,petitioner,0.07651054460925313
73,-0.028423257076520454,proceedings,0.028423257076520454
73,0.02077146036765221,post,0.02077146036765221
73,0.015990286441200607,limit,0.015990286441200607
73,-0.013647635401934541,were,0.013647635401934541
73,0.012095863486875249,personal,0.012095863486875249
73,0.009063877043719613,appears,0.009063877043719613
73,0.006756161872391958,wake,0.006756161872391958
74,-0.08591467502822497,remanded,0.08591467502822497
74,-0.07176329648813172,Respondent,0.07176329648813172
74,0.044149796773956744,petitioner,0.044149796773956744
74,-0.027586706840302164,respondent,0.027586706840302164
74,0.0264040214875928,limited,0.0264040214875928
74,-0.020788007348066764,respond,0.020788007348066764
74,-0.015782831963197855,way,0.015782831963197855
74,0.013128789040938105,whether,0.013128789040938105
74,0.011960269319697686,validity,0.011960269319697686
74,-0.007225065895904474,18,0.007225065895904474
75,-0.26706245976890225,Respondents,0.26706245976890225
75,-0.1743930857411071,respondent,0.1743930857411071
75,0.05475948646536144,limiting,0.05475948646536144
75,0.04436392507005982,VII,0.04436392507005982
75,0.041924818711573435,among,0.041924818711573435
75,0.033338011799718556,Id,0.033338011799718556
75,-0.01393863532810462,respondents,0.01393863532810462
75,0.006111527631883723,replacing,0.006111527631883723
75,-0.0049814891999658325,without,0.0049814891999658325
75,-0.004683705481455531,way,0.004683705481455531
76,-0.0287944967823307,Respondent,0.0287944967823307
76,-0.011928518616656109,responded,0.011928518616656109
76,-0.011607159002943053,respondent,0.011607159002943053
76,0.009168683698077619,failed,0.009168683698077619
76,-0.008705601128664402,F,0.008705601128664402
76,0.006364876855976729,unless,0.006364876855976729
76,-0.005159601676548321,counsel,0.005159601676548321
76,0.004791462092879353,either,0.004791462092879353
76,-0.004640967784946319,person,0.004640967784946319
76,-0.004248354055545029,although,0.004248354055545029
77,-0.04095861339379895,Respondents,0.04095861339379895
77,-0.03245367807535198,respond,0.03245367807535198
77,0.018712554648842927,petitioner,0.018712554648842927
77,-0.01591760432791384,proceedings,0.01591760432791384
77,0.015495043740965327,Petitioner,0.015495043740965327
77,-0.013460742618260902,responding,0.013460742618260902
77,-0.009768677484155759,Tr,0.009768677484155759
77,0.008616088144912494,costs,0.008616088144912494
77,-0.00827762851532007,respondent,0.00827762851532007
77,-0.008200582658771174,Respondent,0.008200582658771174
78,-0.37738774548892795,remanded,0.37738774548892795
78,0.06738016428223656,Petitioner,0.06738016428223656
78,0.05615169456712666,less,0.05615169456712666
78,0.055284849683928335,petitioner,0.055284849683928335
78,-0.04698738196828353,F,0.04698738196828353
78,-0.04531688485254957,Although,0.04531688485254957
78,-0.033284916427692254,Appeals,0.033284916427692254
78,0.03205029041947819,unless,0.03205029041947819
78,-0.03130457533756585,consistent,0.03130457533756585
78,-0.02565490729138044,Court,0.02565490729138044
79,-0.053825854835219435,Respondent,0.053825854835219435
79,-0.050693663525319725,remand,0.050693663525319725
79,-0.05029468506923061,remanded,0.05029468506923061
79,-0.043342306846271175,respondent,0.043342306846271175
79,-0.026078050764894632,proceedings,0.026078050764894632
79,0.02431963073977113,limited,0.02431963073977113
79,0.021688018895725098,petitioner,0.021688018895725098
79,0.014803361633196208,Petitioner,0.014803361633196208
79,0.01331554310254937,Ed,0.01331554310254937
79,0.011902918986118165,direction,0.011902918986118165
80,-0.06629534424802086,respondent,0.06629534424802086
80,-0.03948869813741325,remanded,0.03948869813741325
80,-0.03680723208225313,remand,0.03680723208225313
80,-0.030190395512568174,proceeded,0.030190395512568174
80,0.030150661184092986,petitioner,0.030150661184092986
80,0.0284201870729159,Petitioner,0.0284201870729159
80,-0.026337972585929407,proceed,0.026337972585929407
80,0.02481091340562882,added,0.02481091340562882
80,-0.015206046486285917,Respondent,0.015206046486285917
80,-0.006550819357727948,Circuit,0.006550819357727948
81,-0.14284143085187964,remanded,0.14284143085187964
81,-0.13988812596238212,Respondent,0.13988812596238212
81,0.05532023872347371,Limiting,0.05532023872347371
81,0.028521114858965337,concluded,0.028521114858965337
81,0.022476188478000075,cumulative,0.022476188478000075
81,-0.014023448350092301,Tr,0.014023448350092301
81,-0.004477581676484551,proceeding,0.004477581676484551
81,-0.0028962557531209744,466,0.0028962557531209744
81,0.00018724664536358862,too,0.00018724664536358862
81,5.271851969662618e-05,prejudice,5.271851969662618e-05
82,-0.3222215719343903,remand,0.3222215719343903
82,0.04595788217013635,mere,0.04595788217013635
82,0.04356306196526146,a,0.04356306196526146
82,0.04255828812108715,underlying,0.04255828812108715
82,0.042144384056479446,among,0.042144384056479446
82,0.039846039112622744,failed,0.039846039112622744
82,-0.01766305615211153,F,0.01766305615211153
82,-0.013226201140352636,proceeding,0.013226201140352636
82,-0.010385101075131799,proceedings,0.010385101075131799
82,-0.00970185770726652,prevent,0.00970185770726652
83,-0.036860769404503876,remanded,0.036860769404503876
83,-0.035280970389835,remand,0.035280970389835
83,0.03249884953449849,proceedings,0.03249884953449849
83,0.0270948444239396,petitioner,0.0270948444239396
83,0.022321985524175518,considered,0.022321985524175518
83,0.01958246224094605,added,0.01958246224094605
83,-0.01366174130581705,respondents,0.01366174130581705
83,-0.009498597945482981,Tr,0.009498597945482981
83,-0.009220689805607595,respond,0.009220689805607595
83,-0.0080917504836278,38,0.0080917504836278
84,-0.1520794564393515,Respondents,0.1520794564393515
84,-0.10464601715883104,remand,0.10464601715883104
84,-0.10396155951988247,remanded,0.10396155951988247
84,0.07763365774598198,Petitioners,0.07763365774598198
84,0.037756891630874236,argued,0.037756891630874236
84,-0.03727482340982867,Tr,0.03727482340982867
84,0.030835999612623118,post,0.030835999612623118
84,-0.02224147613248158,Act,0.02224147613248158
84,-0.00946412037035114,stating,0.00946412037035114
84,-0.006416098824258142,without,0.006416098824258142
85,0.14209739298591825,Petitioners,0.14209739298591825
85,0.10670873231592981,petitioners,0.10670873231592981
85,0.050190994878866683,limits,0.050190994878866683
85,0.044020900552815635,conflict,0.044020900552815635
85,0.0429606923106577,Circuit,0.0429606923106577
85,0.041416739717156474,appeared,0.041416739717156474
85,0.016876495876814796,Administration,0.016876495876814796
85,0.00583066248291487,doctrine,0.00583066248291487
85,-0.0035532616708701856,responding,0.0035532616708701856
85,0.00012228067564417172,consistently,0.00012228067564417172
86,0.08103944192559981,Petitioners,0.08103944192559981
86,-0.06847378729423642,remanded,0.06847378729423642
86,-0.06745149590704494,remand,0.06745149590704494
86,0.03250981380160345,25,0.03250981380160345
86,-0.027440170167376467,Tr,0.027440170167376467
86,-0.026747622534537642,proceeded,0.026747622534537642
86,0.022925608992515237,Brief,0.022925608992515237
86,-0.018924781821241687,proceedings,0.018924781821241687
86,0.018899634517810675,limited,0.018899634517810675
86,-0.01428597945880609,reinstate,0.01428597945880609
87,-0.06409542896126957,Respondent,0.06409542896126957
87,-0.05853107533855049,proceedings,0.05853107533855049
87,-0.058516155261148,remand,0.058516155261148
87,-0.05544801071930624,remanded,0.05544801071930624
87,0.023524385988990173,Petitioners,0.023524385988990173
87,0.02100680661342578,Circuit,0.02100680661342578
87,0.016290163874397995,502,0.016290163874397995
87,0.015315029800252575,support,0.015315029800252575
87,0.013706170640973573,articulated,0.013706170640973573
87,-0.009500778379804209,counsel,0.009500778379804209
88,-0.06696734058678624,Respondents,0.06696734058678624
88,-0.0588709695244666,remand,0.0588709695244666
88,-0.0567684623614935,respondents,0.0567684623614935
88,-0.024577627542966583,Tr,0.024577627542966583
88,0.013830041122877687,relatively,0.013830041122877687
88,-0.010421337651520923,matters,0.010421337651520923
88,0.009793514166496795,Tenure,0.009793514166496795
88,0.00964357312323095,end,0.00964357312323095
88,0.006097512848822679,establish,0.006097512848822679
88,0.00472959240538514,maintain,0.00472959240538514
89,-0.00707706688348417,respondent,0.00707706688348417
89,-0.006883000440698062,remanded,0.006883000440698062
89,-0.006191420148806144,Respondent,0.006191420148806144
89,-0.005945268073126497,proceedings,0.005945268073126497
89,-0.0036598373136708428,Tr,0.0036598373136708428
89,0.0025335127627326808,4,0.0025335127627326808
89,-0.002228094782436892,F,0.002228094782436892
89,0.0021039883079205994,intent,0.0021039883079205994
89,-0.0007720724978743202,longstanding,0.0007720724978743202
89,-0.0004638260054644612,That,0.0004638260054644612
90,-0.0995900050496688,Respondents,0.0995900050496688
90,-0.08981093842603033,remanded,0.08981093842603033
90,-0.07499566227064966,respondents,0.07499566227064966
90,0.023832606901290077,limiting,0.023832606901290077
90,0.022867202966291054,rates,0.022867202966291054
90,0.022779553681743052,limited,0.022779553681743052
90,-0.010994994030358743,proceedings,0.010994994030358743
90,-0.00646971418153927,interfering,0.00646971418153927
90,-0.004814349623865323,separate,0.004814349623865323
90,-0.0014373350364662923,agreed,0.0014373350364662923
